timestamp,rel_time,acc_x,acc_y,acc_z,gyro_x,gyro_y,gyro_z,azimuth,pitch,roll
1.18E+12,1.405019,-1.958398806,-2.378529112,8.862276853,0.042455133,-0.03726278,0.15607607,100.73963,11.101671,-14.84701
1.18E+12,1.410004,-2.026430727,-2.319531517,8.852803702,0.064751714,-0.041233405,0.15332718,100.76751,11.1258,-14.821114
1.18E+12,1.414999,-2.083248939,-2.243773934,8.843334313,0.07574729,-0.04520403,0.15057829,100.79565,11.14561,-14.796139
1.18E+12,1.4201,-2.129796296,-2.186481367,8.879465658,0.09132435,-0.043982297,0.14172074,100.81703,11.151176,-14.77498
1.18E+12,1.424976,-2.166743365,-2.144915914,8.944122933,0.093767814,-0.043066,0.13316862,100.83869,11.157548,-14.753188
1.18E+12,1.429998,-2.206124811,-2.070184268,8.98144901,0.0852157,-0.048258353,0.12461651,100.848495,11.149024,-14.738163
1.18E+12,1.435036,-2.246681359,-1.969985762,8.995763118,0.08674286,-0.05100725,0.118202426,100.860176,11.137971,-14.724148
1.18E+12,1.439993,-2.286585846,-1.871398228,9.009847086,0.08552113,-0.035124753,0.10476339,100.87016,11.119644,-14.721522
1.18E+12,1.445011,-2.326981391,-1.771597493,9.02410437,0.08399397,-0.024740042,0.09468412,100.88036,11.101863,-14.716636
1.18E+12,1.449988,-2.340297779,-1.704561241,9.040560923,0.082161374,-0.020158553,0.07971791,100.89623,11.086503,-14.713623
1.18E+12,1.455027,-2.32851724,-1.666863729,9.059409568,0.0693332,-0.017715093,0.070249505,100.91365,11.075557,-14.712631
1.18E+12,1.460008,-2.316872299,-1.629600125,9.078041261,0.058337633,-0.013439035,0.060170226,100.89891,11.029079,-14.726938
1.18E+12,1.464992,-2.305220343,-1.592314076,9.096684176,0.06261369,0.001832596,0.06505715,100.88324,10.982744,-14.744866
1.18E+12,1.469942,-2.290886375,-1.578143445,9.11320328,0.043982297,0.000916298,0.06352998,100.86959,10.949395,-14.757106
1.18E+12,1.475015,-2.272182629,-1.59684724,9.127230931,0.024740042,0.005497787,0.06383542,100.85509,10.915581,-14.774994
1.18E+12,1.479919,-2.264948723,-1.618548195,9.13788048,0.011301007,0.007330383,0.057726767,100.83309,10.87104,-14.795493
1.18E+12,1.485027,-2.280023645,-1.648698198,9.142905577,0.006719518,0.006108652,0.064751714,100.807236,10.829415,-14.816421
1.18E+12,1.489904,-2.289749505,-1.658329148,9.138707599,0.014966198,0.016798794,0.06169739,100.79014,10.793389,-14.83678
1.18E+12,1.495014,-2.292171072,-1.636535019,9.119335164,0.014049901,0.02443461,0.06078109,100.770134,10.761252,-14.855822
1.18E+12,1.499913,-2.294492648,-1.615640805,9.100762648,0.014660766,0.023823744,0.06169739,100.75458,10.732108,-14.874824
1.18E+12,1.504981,-2.296894312,-1.594025806,9.081549438,0.016187929,0.029321533,0.052534413,100.74297,10.704472,-14.896327
1.18E+12,1.509934,-2.300008996,-1.572295602,9.075537952,0.01038471,0.029626964,0.06078109,100.72827,10.676566,-14.919157
1.18E+12,1.514947,-2.304641233,-1.549134371,9.094066801,0.013133603,0.039095376,0.047036625,100.72337,10.648947,-14.943556
1.18E+12,1.519988,-2.312953775,-1.522402128,9.106307115,0.014966198,0.040011674,0.046120327,100.70547,10.6156435,-14.968261
1.18E+12,1.524976,-2.330629798,-1.487050358,9.101888052,0.006414085,0.04153884,0.043982297,100.69238,10.586376,-14.99406
1.18E+12,1.529979,-2.350080812,-1.455161463,9.099847511,0.000305433,0.032070424,0.039095376,100.67982,10.547651,-15.01126
1.18E+12,1.534969,-2.382680521,-1.450716062,9.116147404,-0.00580322,0.032986723,0.027183503,100.670425,10.512973,-15.030597
1.18E+12,1.539973,-2.415371692,-1.446258188,9.132493028,-0.008857546,0.015882496,0.022602014,100.65194,10.472844,-15.044629
1.18E+12,1.544971,-2.448023665,-1.44180566,9.148819053,-0.010690142,-0.001832596,0.01985312,100.63632,10.435813,-15.057564
1.18E+12,1.549948,-2.480538444,-1.43737184,9.165076481,-0.018325957,-0.01038471,0.007635816,100.624275,10.403225,-15.067063
1.18E+12,1.554979,-2.513406006,-1.432889913,9.181510301,-0.004886922,-0.020158553,0.006414085,100.60875,10.365588,-15.071422
1.18E+12,1.560023,-2.546358497,-1.428396405,9.197986586,0.001221731,-0.022602014,0.008552114,100.601456,10.329333,-15.074978
1.18E+12,1.564999,-2.5634698,-1.446331565,9.200079716,0.004886922,-0.029932396,0.006414085,100.59482,10.291536,-15.07406
1.18E+12,1.570058,-2.573240807,-1.475644228,9.195194162,0.019242255,-0.046120327,-0.003665192,100.58914,10.250636,-15.069623
1.18E+12,1.575838,-2.563811196,-1.496754818,9.173150969,0.029321533,-0.05100725,-0.003665192,100.5822931,10.22333516,-15.07328117
1.18E+12,1.579994,-2.551785375,-1.508780555,9.153108074,0.034513887,-0.053145275,-0.012217305,100.57737,10.203705,-15.0759115
1.18E+12,1.585033,-2.524178903,-1.523100455,9.12591996,0.05681047,-0.05222898,-0.009773844,100.56483,10.15212,-15.079841
1.18E+12,1.589972,-2.491683249,-1.537027281,9.098066405,0.06688975,-0.052534413,-0.003054326,100.554756,10.109256,-15.085186
1.18E+12,1.595009,-2.461523461,-1.535576099,9.06322979,0.059864793,-0.06963864,-0.009773844,100.55026,10.070586,-15.084152
1.18E+12,1.599999,-2.433170856,-1.526125148,9.02542658,0.08307768,-0.06872234,0.001527163,100.53935,10.02019,-15.0892725
1.18E+12,1.605015,-2.419726568,-1.525917765,9.008569368,0.087964594,-0.06841691,0.000916298,100.5378,9.981945,-15.082283
1.18E+12,1.610031,-2.414723785,-1.530920601,9.003566428,0.099571034,-0.07238753,0.008552114,100.530205,9.935246,-15.075581
1.18E+12,1.614989,-2.401125199,-1.52923145,9.008313228,0.09712757,-0.06780604,0.008857546,100.52526,9.892826,-15.069276
1.18E+12,1.620085,-2.38374508,-1.52488642,9.017003469,0.09590584,-0.086132,0.010079277,100.51627,9.847557,-15.056144
1.18E+12,1.62499,-2.360190834,-1.510331126,9.033733074,0.087964594,-0.084910266,0.015271631,100.508194,9.806838,-15.049805
1.18E+12,1.629998,-2.328596061,-1.484002287,9.060061913,0.09040806,-0.07513642,0.016187929,100.50041,9.765027,-15.04099
1.18E+12,1.635031,-2.298919895,-1.487273025,9.087903302,0.0888809,-0.08399397,0.013439035,100.48823,9.728189,-15.024038
1.18E+12,1.64,-2.270709025,-1.506080305,9.11611432,0.08735373,-0.08827003,0.014355334,100.47543,9.691366,-15.01176
1.18E+12,1.645163,-2.235202733,-1.525597266,9.14538949,0.0852157,-0.086132,0.01160644,100.460526,9.6522045,-14.995656
1.18E+12,1.650007,-2.198606722,-1.54389532,9.172836116,0.08827003,-0.08002335,0.023518313,100.44108,9.611903,-14.980847
1.18E+12,1.655008,-2.177806955,-1.542885103,9.195567328,0.089186326,-0.08857546,0.02565634,100.42783,9.577817,-14.958304
1.18E+12,1.66001,-2.168304247,-1.528630991,9.214573142,0.086437434,-0.093462385,0.021380283,100.41355,9.544411,-14.939386
1.18E+12,1.664976,-2.158883506,-1.500812654,9.214252488,0.1001819,-0.10323623,0.013744468,100.40237,9.510436,-14.912116
1.18E+12,1.670039,-2.149288703,-1.462433491,9.199859982,0.103847094,-0.0888809,0.02107485,100.389084,9.479998,-14.891644
1.18E+12,1.675017,-2.153254216,-1.435365289,9.204466499,0.11026118,-0.07941248,0.010995574,100.37437,9.445865,-14.850553
1.18E+12,1.680012,-2.167496807,-1.416375068,9.223456521,0.12217305,-0.08032878,0.014355334,100.35392,9.408524,-14.812938
1.18E+12,1.685025,-2.176383384,-1.405342316,9.234489236,0.118507855,-0.07666359,0.005497787,100.335,9.370049,-14.779388
1.18E+12,1.690026,-2.180827439,-1.400898261,9.238933383,0.11789699,-0.07147124,-0.006719518,100.316216,9.328534,-14.747182
1.18E+12,1.695007,-2.189152748,-1.390692723,9.262300977,0.11178834,-0.07513642,-0.011301007,100.2933,9.288171,-14.722203
1.18E+12,1.700002,-2.20352802,-1.371525742,9.315010911,0.12095132,-0.0693332,-0.012522738,100.27378,9.245449,-14.7017
1.18E+12,1.705008,-2.208318848,-1.330479937,9.348925817,0.11759156,-0.06047566,-0.017104227,100.25561,9.2084055,-14.681895
1.18E+12,1.710008,-2.198400869,-1.256095047,9.35388491,0.10751228,-0.04337143,-0.02565634,100.239716,9.172106,-14.666496
1.18E+12,1.714956,-2.188827021,-1.224778059,9.358671823,0.09285152,-0.05375614,-0.032375857,100.21913,9.134261,-14.646766
1.18E+12,1.720044,-2.179274627,-1.243882845,9.36344787,0.10262536,-0.07819075,-0.03756821,100.2008,9.093951,-14.628014
1.18E+12,1.72491,-2.16629718,-1.271747264,9.352750786,0.11056661,-0.105068825,-0.05497787,100.17393,9.047379,-14.596832
1.18E+12,1.730032,-2.146949041,-1.315280628,9.318891088,0.11789699,-0.12675454,-0.056199603,100.14313,8.998632,-14.561821
1.18E+12,1.734945,-2.133853078,-1.39932548,9.290204388,0.10873401,-0.12767084,-0.07238753,100.124886,8.959223,-14.523484
1.18E+12,1.739975,-2.129193443,-1.553093523,9.266906214,0.11575896,-0.12583824,-0.0711658,100.10119,8.913272,-14.482086
1.18E+12,1.744915,-2.118872048,-1.616584488,9.252630854,0.101098195,-0.07544186,-0.056199603,100.095894,8.880485,-14.452344
1.18E+12,1.749983,-2.09536821,-1.484963448,9.2573317,0.07422013,-0.095294975,-0.0580322,100.09184,8.851388,-14.404046
1.18E+12,1.754935,-2.07451174,-1.381326481,9.24615091,0.09621128,-0.11881329,-0.07360926,100.11602,8.842118,-14.36773
1.18E+12,1.759986,-2.059658388,-1.351619776,9.186737295,0.106901415,-0.13530666,-0.076358154,100.136185,8.842756,-14.329404
1.18E+12,1.764959,-2.052140574,-1.321712277,9.130978115,0.105374254,-0.13897185,-0.08155051,100.142044,8.814503,-14.275446
1.18E+12,1.769984,-2.061217039,-1.289944601,9.08105746,0.1142318,-0.124311075,-0.0888809,100.149315,8.781778,-14.223708
1.18E+12,1.774964,-2.069294077,-1.247949327,9.047543768,0.10140363,-0.10170906,-0.08246681,100.155975,8.748157,-14.172033
1.18E+12,1.780015,-2.073253188,-1.156889735,9.087134877,0.082161374,-0.09101892,-0.07941248,100.16566,8.715904,-14.122515
1.18E+12,1.789923,-2.089672519,-1.089893757,9.170789638,0.105374254,-0.16890424,-0.10934488,100.19196,8.634304,-14.025422
1.18E+12,1.794863,-2.105291443,-1.152369018,9.217646519,0.096516706,-0.18570304,-0.11178834,100.205246,8.599741,-13.976136
1.18E+12,1.799923,-2.100412343,-1.171764046,9.252729502,0.086437434,-0.20280726,-0.12186762,100.20819,8.541117,-13.9123745
1.18E+12,1.804856,-2.093384274,-1.185820112,9.285527127,0.09132435,-0.2125811,-0.12461651,100.209145,8.482266,-13.84836
1.18E+12,1.809915,-2.086176691,-1.200235201,9.319162478,0.0729984,-0.21624629,-0.12950343,100.227394,8.440181,-13.784318
1.18E+12,1.814861,-2.079130101,-1.214328309,9.352046535,0.06566802,-0.22510384,-0.13347405,100.24522,8.395471,-13.718181
1.18E+12,1.819917,-2.061692403,-1.185364609,9.344184794,0.05955936,-0.24007004,-0.12980886,100.26156,8.356788,-13.651567
1.18E+12,1.824842,-2.043167884,-1.150631112,9.330291115,0.043066,-0.25228736,-0.14782938,100.28486,8.326147,-13.584312
1.18E+12,1.830056,-2.023556343,-1.113859447,9.315582152,0.056199603,-0.28771752,-0.16401732,100.31341,8.291068,-13.509924
1.18E+12,1.834959,-2.005114573,-1.079281105,9.301750536,0.064446285,-0.30482176,-0.16035213,100.34135,8.262964,-13.439615
1.18E+12,1.840004,-2.009340223,-1.060920965,9.283503835,0.055588737,-0.30085114,-0.15851954,100.373566,8.238406,-13.367038
1.18E+12,1.844961,-2.018760244,-1.046790933,9.264663891,0.06688975,-0.30085114,-0.15790866,100.40387,8.207008,-13.291236
1.18E+12,1.850003,-2.00538332,-1.01705692,9.3220636,0.04917465,-0.29810223,-0.16462818,100.436485,8.168091,-13.212195
1.18E+12,1.854985,-1.986384169,-0.983808356,9.398060303,0.042760566,-0.30848694,-0.16462818,100.46605,8.124143,-13.132391
1.18E+12,1.860011,-1.993122394,-0.908919422,9.385405431,0.01863139,-0.32162055,-0.17654006,100.49851,8.090648,-13.056017
1.18E+12,1.864978,-2.006501721,-0.824183626,9.349727414,0.009773844,-0.32559118,-0.17165314,100.5257,8.055071,-12.9824915
1.18E+12,1.870109,-1.996754372,-0.764527668,9.361345379,-0.001221731,-0.33261612,-0.1826487,100.558235,8.0183935,-12.895986
1.18E+12,1.875071,-1.975855197,-0.720407154,9.396177339,-0.018936822,-0.3399465,-0.18051068,100.58507,7.986371,-12.811889
1.18E+12,1.880022,-1.955002351,-0.676384449,9.430932082,-0.03176499,-0.34788775,-0.1777618,100.60055,7.943006,-12.731781
1.18E+12,1.885001,-1.934031574,-0.632112776,9.465883377,-0.051923547,-0.38331795,-0.1957823,100.61987,7.9092703,-12.643747
1.18E+12,1.890016,-1.919169092,-0.59272375,9.478154386,-0.0720821,-0.40591997,-0.21838433,100.638794,7.87868,-12.547788
1.18E+12,1.895011,-1.909079213,-0.557409153,9.473109341,-0.077579886,-0.4456262,-0.22876903,100.65721,7.8511314,-12.440052
1.18E+12,1.900025,-1.936296057,-0.516972417,9.479491322,-0.06841691,-0.4605924,-0.23151793,100.6677,7.809093,-12.329611
1.18E+12,1.905025,-1.981391324,-0.474250598,9.491358484,-0.059253927,-0.4746423,-0.24953845,100.68423,7.771525,-12.211191
1.18E+12,1.909994,-2.026206999,-0.431793654,9.50315207,-0.047647487,-0.5137377,-0.27397305,100.69775,7.7254696,-12.078399
1.18E+12,1.915007,-2.071419514,-0.388960759,9.515050087,-0.029321533,-0.5216789,-0.29779682,100.717125,7.6776137,-11.954123
1.18E+12,1.920071,-2.109333504,-0.351905943,9.590283136,-0.015882496,-0.5311473,-0.30573806,100.73741,7.630022,-11.8225765
1.18E+12,1.925075,-2.142533836,-0.318705592,9.699370237,0.002748894,-0.54611355,-0.34147367,100.77208,7.5806527,-11.689749
1.18E+12,1.930021,-2.184413111,-0.301070267,9.839282458,0.07941248,-0.55833083,-0.36102137,100.78873,7.496198,-11.570426
1.18E+12,1.93578,-2.239460811,-0.291061584,10.02444259,0.14905111,-0.5149594,-0.3726278,100.8149,7.4124103,-11.465795
1.18E+12,1.939994,-2.287026592,-0.295581178,10.23673189,0.3222314,-0.4728097,-0.35796702,100.83104,7.2723055,-11.363738
1.18E+12,1.94501,-2.352782618,-0.31581379,10.5857445,0.3857614,-0.40469822,-0.3295618,100.84873,7.146949,-11.285088
1.18E+12,1.949975,-2.367454198,-0.264287374,10.87494903,0.5317582,-0.31673363,-0.28924468,100.85484,6.945748,-11.219512
1.18E+12,1.95501,-2.333363113,-0.142533955,11.11358545,0.6609562,-0.27000242,-0.24190263,100.85098,6.7349577,-11.165479
1.18E+12,1.960012,-2.312553322,0.057271511,11.20388199,0.75502944,-0.21685717,-0.22204952,100.843056,6.4955807,-11.140303
1.18E+12,1.96501,-2.303137596,0.325619912,11.16621928,0.8127562,-0.20280726,-0.20250183,100.82096,6.2352495,-11.119968
1.18E+12,1.970086,-2.206292737,0.46938576,11.22014594,0.79504114,-0.23426682,-0.17562376,100.76833,5.952483,-11.085447
1.18E+12,1.975009,-2.030407132,0.487900039,11.35900344,0.7049385,-0.3378085,-0.18570304,100.71847,5.6839542,-11.034747
1.18E+12,1.980016,-1.958036335,0.39321702,11.5587295,0.55863625,-0.4578435,-0.23915374,100.63617,5.3983126,-10.965474
1.18E+12,1.985033,-2.008835534,0.166929522,11.82657962,0.4297437,-0.56413406,-0.31978795,100.56275,5.143891,-10.872049
1.18E+12,1.990005,-2.049300082,0.01740212,12.08267654,0.34025195,-0.57726765,-0.39003745,100.50023,4.9235873,-10.741733
1.18E+12,1.995009,-2.074058559,-0.012307948,12.32530901,0.27580565,-0.5488624,-0.45173484,100.45784,4.742597,-10.596942
1.18E+12,1.999966,-2.147034727,0.024426782,12.46147055,0.22479841,-0.56688297,-0.51923543,100.46573,4.6264033,-10.437378
1.18E+12,2.005533,-2.297683508,0.159491201,12.46666544,0.18936823,-0.516792,-0.5479461,100.48274,4.5290184,-10.310154
1.18E+12,2.009927,-2.407954178,0.209645855,12.47608342,0.14813483,-0.48502702,-0.57818395,100.52379,4.4506755,-10.159067
1.18E+12,2.014945,-2.520806789,0.181432699,12.49489209,0.13103059,-0.45662177,-0.5934556,100.56976,4.3793254,-10.02628
1.18E+12,2.020007,-2.598510926,0.196366118,12.42420797,0.092240654,-0.49388456,-0.6203337,100.60439,4.310073,-9.894143
1.18E+12,2.024971,-2.607582434,0.291617013,12.18834835,0.053145275,-0.55741453,-0.61208695,100.63343,4.2477465,-9.767113
1.18E+12,2.029944,-2.609630721,0.350615307,11.94158944,0.001832596,-0.56321776,-0.59223384,100.66922,4.2066126,-9.66118
1.18E+12,2.035075,-2.58903187,0.293968417,11.65320567,-0.11759156,-0.5852089,-0.5720753,100.700874,4.197403,-9.536877
1.18E+12,2.039915,-2.51871648,0.20996679,11.45386672,-0.27214047,-0.5757405,-0.5225952,100.71623,4.190499,-9.41361
1.18E+12,2.044973,-2.34089831,0.059505283,11.39459375,-0.43157628,-0.5561928,-0.49174652,100.73149,4.2197995,-9.291536
1.18E+12,2.049942,-2.142350759,-0.090737988,11.33915672,-0.56016344,-0.5384777,-0.46395215,100.75004,4.2851534,-9.165105
1.18E+12,2.054982,-1.849210163,-0.252470701,11.29366901,-0.67347896,-0.5323691,-0.44715336,100.76388,4.388856,-9.045407
1.18E+12,2.059943,-1.604115086,-0.404402438,11.22706405,-0.7470882,-0.51007247,-0.44837508,100.80466,4.534528,-8.907613
1.18E+12,2.064954,-1.458985974,-0.540735914,11.10832236,-0.8017606,-0.49938235,-0.43401974,100.83709,4.7017817,-8.773266
1.18E+12,2.069987,-1.316483664,-0.685287258,10.97926346,-0.8481864,-0.47769663,-0.42394048,100.89634,4.906204,-8.6093855
1.18E+12,2.075172,-1.193611406,-0.890074337,10.77447654,-0.9071349,-0.46517387,-0.42058071,100.954605,5.124559,-8.450789
1.18E+12,2.079986,-1.102988783,-1.080303637,10.60411917,-0.96852684,-0.43585235,-0.41447207,101.03649,5.3709903,-8.275957
1.18E+12,2.085011,-1.112033688,-1.279291654,10.51367012,-1.0274754,-0.3998113,-0.419359,101.122154,5.6283207,-8.110894
1.18E+12,2.090111,-1.126551898,-1.483068805,10.42762663,-1.087951,-0.37843102,-0.39645153,101.22904,5.924124,-7.9310074
1.18E+12,2.094972,-1.199533055,-1.697451003,10.40938145,-1.1340714,-0.36926803,-0.35643986,101.33382,6.225902,-7.7620707
1.18E+12,2.100283,-1.269787623,-1.923216754,10.3833079,-1.1603385,-0.3662137,-0.32436943,101.45938,6.564594,-7.6005435
1.18E+12,2.104982,-1.219906128,-2.022979744,10.28770109,-1.1808025,-0.3399465,-0.28893927,101.574615,6.9056787,-7.452916
1.18E+12,2.109908,-1.16761495,-2.1275621,10.1874757,-1.2159272,-0.31856623,-0.25900686,101.6986,7.284142,-7.297555
1.18E+12,2.114943,-1.19229473,-2.297820922,10.16684597,-1.2330315,-0.35216382,-0.23457226,101.812485,7.6547413,-7.1375246
1.18E+12,2.119985,-1.232473774,-2.480858621,10.16238201,-1.2321151,-0.3643811,-0.21899518,101.92164,8.021816,-6.9927278
1.18E+12,2.124971,-1.251597199,-2.62050754,10.22380912,-1.2434162,-0.38606682,-0.18997909,102.03138,8.408493,-6.82599
1.18E+12,2.129989,-1.261310465,-2.741923514,10.31608555,-1.2547172,-0.41447207,-0.16157386,102.13532,8.786864,-6.657121
1.18E+12,2.134988,-1.260821867,-2.800490463,10.41591771,-1.2663237,-0.4578435,-0.12980886,102.24405,9.190508,-6.48649
1.18E+12,2.139971,-1.256150646,-2.833189059,10.51868428,-1.2464706,-0.50243664,-0.10170906,102.3432,9.579566,-6.311454
1.18E+12,2.144973,-1.144357802,-2.878422378,10.59562346,-1.2458596,-0.5329799,-0.086437434,102.43457,9.989107,-6.121437
1.18E+12,2.149954,-0.978368804,-2.929799845,10.6588574,-1.258077,-0.57635134,-0.07819075,102.51521,10.387944,-5.919709
1.18E+12,2.154909,-0.817701073,-2.972392913,10.68178967,-1.2544118,-0.6026186,-0.0693332,102.58462,10.778717,-5.7097964
1.18E+12,2.15997,-0.668266843,-2.987851669,10.57357865,-1.25319,-0.6075055,-0.062308256,102.64903,11.165432,-5.4981422
1.18E+12,2.164924,-0.541221195,-3.007556654,10.49407159,-1.2672399,-0.61117065,-0.059864793,102.7168,11.559187,-5.247912
1.18E+12,2.170036,-0.445443757,-3.036289865,10.46054981,-1.2837334,-0.6056729,-0.06994407,102.78466,11.945245,-5.003521
1.18E+12,2.174948,-0.363303148,-3.057825472,10.41330235,-1.3075571,-0.58062744,-0.07696902,102.85273,12.338924,-4.742326
1.18E+12,2.180006,-0.300136902,-3.066849262,10.33208791,-1.3356569,-0.55680364,-0.082161374,102.92216,12.730544,-4.487083
1.18E+12,2.184999,-0.243985331,-3.065802266,10.26048914,-1.3655893,-0.5534439,-0.09101892,102.99485,13.13077,-4.215091
1.18E+12,2.190759,-0.211839407,-3.012225706,10.22298593,-1.3854424,-0.52442783,-0.09010262,103.06842,13.527679,-3.9623868
1.18E+12,2.194936,-0.192501332,-2.979110801,10.19157738,-1.42973,-0.5170974,-0.11178834,103.143456,13.942908,-3.6916652
1.18E+12,2.199944,-0.201469292,-2.985836766,10.11983366,-1.4596626,-0.49113566,-0.12217305,103.21762,14.350966,-3.4400263
1.18E+12,2.204962,-0.21045516,-2.992576161,10.04794668,-1.488984,-0.48472157,-0.12889257,103.282135,14.7637615,-3.1825998
1.18E+12,2.209973,-0.219428492,-2.999306155,9.976159985,-1.5314392,-0.4728097,-0.1282817,103.34949,15.1803,-2.9385397
1.18E+12,2.214954,-0.228348103,-3.005995858,9.904803062,-1.5543466,-0.44104472,-0.1328632,103.410065,15.597408,-2.701095
1.18E+12,2.219981,-0.245977586,-3.051486459,9.824270864,-1.6062702,-0.44623706,-0.15271631,103.472855,16.026205,-2.4603457
1.18E+12,2.224936,-0.265048456,-3.103931398,9.743220048,-1.6441438,-0.42394048,-0.14110987,103.53304,16.448242,-2.242541
1.18E+12,2.229996,-0.222677529,-3.1455336,9.738303566,-1.6930131,-0.41813725,-0.1459968,103.588554,16.897003,-2.0209
1.18E+12,2.234968,-0.169529406,-3.18418675,9.747966551,-1.7180585,-0.40653083,-0.13805555,103.64003,17.34025,-1.8130302
1.18E+12,2.24,-0.133110873,-3.252178279,9.719494331,-1.7458528,-0.38728857,-0.13103059,103.68437,17.808157,-1.6097703
1.18E+12,2.245005,-0.099355998,-3.323907419,9.685739659,-1.7886134,-0.39553526,-0.14782938,103.73223,18.277973,-1.4046334
1.18E+12,2.250004,-0.082995495,-3.409406196,9.627834388,-1.8041905,-0.37843102,-0.13439035,103.76604,18.751383,-1.2060494
1.18E+12,2.254969,-0.077788087,-3.503139426,9.554930832,-1.847562,-0.38698313,-0.1386664,103.80714,19.235048,-0.99927914
1.18E+12,2.25995,-0.047278243,-3.560935114,9.468826625,-1.8603901,-0.38728857,-0.13805555,103.84202,19.725716,-0.79418856
1.18E+12,2.26495,-0.009297649,-3.608410922,9.378622877,-1.8771889,-0.3662137,-0.14508049,103.88262,20.21931,-0.5956032
1.18E+12,2.269985,-0.003584132,-3.670210805,9.266937403,-1.9236146,-0.35277468,-0.15027285,103.918015,20.737658,-0.39461213
1.18E+12,2.274937,-0.008241339,-3.735411668,9.150506803,-1.9425515,-0.3491095,-0.16523905,103.96062,21.24191,-0.19907223
1.18E+12,2.27998,0.031569677,-3.808970209,9.072544461,-1.9507982,-0.35308012,-0.16707164,103.993996,21.76721,0.001112467
1.18E+12,2.285002,0.088604632,-3.885016857,9.010756342,-1.9569068,-0.32406402,-0.16340645,104.03591,22.285717,0.18829241
1.18E+12,2.289981,0.089122808,-3.981958636,8.905022086,-1.9721785,-0.32070425,-0.17379116,104.0657,22.827063,0.38637474
1.18E+12,2.295163,0.065139133,-4.092283396,8.775510653,-1.9926424,-0.31123585,-0.17806722,104.09908,23.359812,0.570127
1.18E+12,2.299994,0.105652302,-4.167290649,8.714204352,-2.0024164,-0.29443705,-0.17745635,104.13752,23.903204,0.7642114
1.18E+12,2.305002,0.181737688,-4.2299493,8.682874909,-2.005776,-0.27030787,-0.17867808,104.182396,24.438278,0.95030713
1.18E+12,2.31001,0.217704445,-4.297548496,8.602957377,-2.0244074,-0.26908615,-0.19120082,104.21758,25.005678,1.1363106
1.18E+12,2.314977,0.212556397,-4.369621225,8.474256171,-2.032654,-0.24556783,-0.19639318,104.25969,25.55858,1.3057991
1.18E+12,2.320079,0.323369892,-4.433314353,8.458890017,-2.0350976,-0.21868975,-0.19364429,104.297844,26.126347,1.4915204
1.18E+12,2.324992,0.491075901,-4.489216364,8.505474985,-2.0317378,-0.2125811,-0.19120082,104.34118,26.681744,1.6730807
1.18E+12,2.330737,0.52737472,-4.559816035,8.425077564,-2.0341814,-0.1872302,-0.19883664,104.38269,27.256527,1.8434974
1.18E+12,2.335025,0.496173014,-4.614418903,8.31587142,-2.0360138,-0.17837265,-0.20433442,104.42589,27.81681,2.0121536
1.18E+12,2.339999,0.468762973,-4.672463881,8.20985897,-2.0387628,-0.15485434,-0.20463985,104.492874,28.370296,2.2052467
1.18E+12,2.345013,0.449269159,-4.726072055,8.122137124,-2.0350976,-0.13072516,-0.2098322,104.567955,28.908857,2.3924098
1.18E+12,2.349979,0.469002714,-4.737155579,8.03623835,-2.0317378,-0.11759156,-0.21777347,104.651535,29.456362,2.56482
1.18E+12,2.355032,0.521910753,-4.713106493,7.94966154,-2.028378,-0.09773844,-0.22143865,104.74326,29.989965,2.72604
1.18E+12,2.360009,0.532944687,-4.722905578,7.913029006,-2.010663,-0.08093964,-0.22724187,104.78291,30.55952,2.8768115
1.18E+12,2.364946,0.509190311,-4.760912541,7.917779777,-2.0076087,-0.08093964,-0.23243423,104.830154,31.117537,3.0237393
1.18E+12,2.36998,0.49549822,-4.777578848,7.893813859,-1.9871446,-0.064446285,-0.22937989,104.87118,31.6692,3.1786942
1.18E+12,2.374977,0.490891214,-4.775275369,7.845440349,-1.9779817,-0.053145275,-0.21655174,104.917114,32.208637,3.3300238
1.18E+12,2.379983,0.486275911,-4.772967742,7.796979715,-1.9691241,-0.043982297,-0.21777347,104.95479,32.745155,3.4661262
1.18E+12,2.384986,0.481663374,-4.770661497,7.748548122,-1.9495764,-0.05375614,-0.21685717,104.99465,33.26179,3.5983973
1.18E+12,2.389971,0.46116136,-4.772785776,7.694155764,-1.9446895,-0.06414085,-0.21074851,105.01381,33.78409,3.7213788
1.18E+12,2.394973,0.415175761,-4.781982839,7.629775793,-1.9407189,-0.083383106,-0.21624629,105.04011,34.28622,3.8471806
1.18E+12,2.399985,0.355790926,-4.772609054,7.546062584,-1.9275852,-0.1020145,-0.22296582,105.07311,34.779137,3.9709632
1.18E+12,2.404986,0.266031747,-4.720643247,7.418510051,-1.9037615,-0.1160644,-0.23457226,105.11248,35.25412,4.0967555
1.18E+12,2.409933,0.186472534,-4.681727769,7.306292866,-1.8866574,-0.14294247,-0.23762658,105.10022,35.75583,4.2102404
1.18E+12,2.414958,0.131158218,-4.676699251,7.230864466,-1.8790215,-0.14385876,-0.24129178,105.10054,36.238773,4.3201833
1.18E+12,2.419965,0.060651148,-4.682261223,7.158023383,-1.8683313,-0.13713925,-0.24740042,105.06766,36.730495,4.418471
1.18E+12,2.424983,-0.037684057,-4.706845008,7.089188529,-1.8753563,-0.11362094,-0.26236662,105.04826,37.21064,4.5130734
1.18E+12,2.429978,-0.126353608,-4.748128292,6.951038187,-1.8683313,-0.105374254,-0.2706133,105.03506,37.6756,4.598427
1.18E+12,2.434981,-0.201695546,-4.814052344,6.710885779,-1.8509218,-0.093462385,-0.28099802,105.03674,38.126457,4.679163
1.18E+12,2.439907,-0.247397553,-4.890628213,6.550515987,-1.8411479,-0.07788532,-0.27397305,104.994194,38.607895,4.725329
1.18E+12,2.444973,-0.242858255,-4.990492876,6.52328017,-1.7959439,-0.06627888,-0.26450464,104.96199,39.06105,4.770915
1.18E+12,2.449915,-0.242676628,-5.100866069,6.482027542,-1.749518,-0.1255328,-0.29443705,104.92452,39.54328,4.8219805
1.18E+12,2.454981,-0.257606191,-5.260114836,6.38747371,-1.7281377,-0.21380283,-0.33444872,104.89033,40.007225,4.8775244
1.18E+12,2.459918,-0.26468274,-5.399175512,6.298729411,-1.6869044,-0.30482176,-0.35796702,104.834,40.474365,4.9496193
1.18E+12,2.464991,-0.251737592,-5.498421577,6.216743576,-1.6129897,-0.39614612,-0.40011674,104.78021,40.911358,5.050566
1.18E+12,2.470324,-0.234730129,-5.601713999,6.136648907,-1.5430456,-0.4636467,-0.41355577,104.70554,41.37073,5.156373
1.18E+12,2.474977,-0.191602053,-5.683178277,6.117480639,-1.4984524,-0.50976706,-0.4364632,104.63469,41.801514,5.283903
1.18E+12,2.480003,-0.146624473,-5.756486571,6.101251254,-1.4608842,-0.54000485,-0.44318274,104.55334,42.23695,5.416129
1.18E+12,2.48501,-0.109301201,-5.761152074,6.10591666,-1.4404203,-0.5525276,-0.46211955,104.47997,42.650322,5.55709
1.18E+12,2.489941,-0.068428252,-5.767796186,6.110514137,-1.427592,-0.5338962,-0.4746423,104.39699,43.071156,5.6944985
1.18E+12,2.494975,0.007046731,-5.791382102,6.11523132,-1.4300356,-0.52412236,-0.46975538,104.316666,43.477192,5.832292
1.18E+12,2.499983,0.099177831,-5.815479359,6.128335245,-1.4526376,-0.50885075,-0.46761733,104.228455,43.88963,5.9653125
1.18E+12,2.504983,0.40574546,-5.847508695,6.247301896,-1.4865406,-0.5036584,-0.44929138,104.14222,44.294,6.090227
1.18E+12,2.510286,0.725620404,-5.883471352,6.363608561,-1.5302174,-0.5143485,-0.36926803,104.03717,44.712185,6.2103033
1.18E+12,2.514959,0.892575903,-5.958601224,6.250913513,-1.6163495,-0.50640726,-0.32162055,103.9463,45.13859,6.3243184
1.18E+12,2.519975,1.071786,-6.039245658,6.129946605,-1.6633861,-0.47983465,-0.23732115,103.822395,45.570847,6.448357
1.18E+12,2.524997,1.093778329,-6.105423193,5.989131006,-1.7427986,-0.44898596,-0.15302174,103.69875,46.024746,6.555425
1.18E+12,2.529928,1.084898449,-6.167582584,5.847052975,-1.7889189,-0.43218717,-0.10476339,103.57564,46.47079,6.646382
1.18E+12,2.534977,1.028523795,-6.222387595,5.685503009,-1.7996091,-0.42424592,-0.061391957,103.44619,46.960743,6.7379975
1.18E+12,2.539913,0.953688227,-6.27227787,5.520864617,-1.8182404,-0.40042216,-0.026572637,103.32449,47.452526,6.811831
1.18E+12,2.544968,0.906345112,-6.330658181,5.419928067,-1.8429805,-0.37965274,0.001527163,103.192825,47.976818,6.8800793
1.18E+12,2.549944,0.866853787,-6.389895138,5.336996452,-1.8600847,-0.35002577,0.014355334,103.07363,48.48947,6.935696
1.18E+12,2.554993,0.840720931,-6.444379925,5.270092924,-1.8668042,-0.31978795,0.028099801,102.94483,49.03314,6.974266
1.18E+12,2.559971,0.835680936,-6.489739877,5.229772913,-1.8903224,-0.29443705,0.04550946,102.82812,49.571175,7.0034924
1.18E+12,2.564926,0.844095645,-6.523141945,5.150850308,-1.9074267,-0.27122417,0.06414085,102.70942,50.128815,7.016676
1.18E+12,2.569987,0.866304307,-6.545350607,5.030923345,-1.921782,-0.22693644,0.07513642,102.6092,50.676697,7.0191936
1.18E+12,2.574975,0.889768494,-6.553150672,4.914659422,-1.9321668,-0.16676621,0.093462385,102.50528,51.23808,7.006232
1.18E+12,2.580019,0.916797047,-6.531527853,4.801139676,-1.9349157,-0.093462385,0.1133155,102.42217,51.785984,6.9811745
1.18E+12,2.585694,0.967643639,-6.51535641,4.727525186,-1.9251418,-0.04153884,0.13683382,102.36292,52.338284,6.9531946
1.18E+12,2.589973,1.016240355,-6.507256968,4.699177139,-1.9107865,0.017715093,0.15699236,102.32847,52.87591,6.9095073
1.18E+12,2.594978,1.05806612,-6.526308567,4.654670361,-1.915368,0.09132435,0.18203785,102.28178,53.442238,6.8504925
1.18E+12,2.599951,1.085510661,-6.572049468,4.599781089,-1.9126191,0.14569137,0.1881465,102.253815,53.987476,6.787576
1.18E+12,2.604977,1.130804249,-6.615260603,4.532349945,-1.9092593,0.16798794,0.19425514,102.22558,54.538696,6.726242
1.18E+12,2.609973,1.199002192,-6.654231031,4.449538168,-1.9092593,0.21410827,0.19517145,102.2246,55.075703,6.6554546
1.18E+12,2.61492,1.251592762,-6.691219162,4.399261781,-1.9248364,0.25992316,0.19975294,102.225105,55.62811,6.5894084
1.18E+12,2.620096,1.288334785,-6.727961185,4.385483588,-1.928807,0.2883284,0.21105394,102.2397,56.163555,6.520662
1.18E+12,2.624917,1.314881289,-6.745931608,4.352301831,-1.9367483,0.31673363,0.21074851,102.28419,56.70566,6.461937
1.18E+12,2.630033,1.324736445,-6.726221244,4.268532952,-1.9706513,0.34025195,0.21471913,102.33938,57.2435,6.3996453
1.18E+12,2.634939,1.323855159,-6.698699618,4.174261512,-2.019215,0.35521814,0.2134974,102.37504,57.808357,6.3353505
1.18E+12,2.639977,1.30025733,-6.651503961,4.046833672,-2.0625865,0.3857614,0.20555615,102.42852,58.36681,6.2698693
1.18E+12,2.644943,1.261816106,-6.594904288,3.890793468,-2.1105394,0.42302418,0.20189096,102.47735,58.953964,6.20909
1.18E+12,2.649946,1.181872729,-6.510519566,3.650963152,-2.150551,0.46578476,0.19150625,102.5452,59.535316,6.1506104
1.18E+12,2.65553,1.1017203,-6.452154732,3.398559624,-2.2107213,0.52106804,0.17684549,102.61842,60.15325,6.0890956
1.18E+12,2.659972,1.066008254,-6.516436386,3.244997871,-2.271808,0.57879484,0.1459968,102.71466,60.76577,6.0323052
1.18E+12,2.664961,1.025898528,-6.588633859,3.072526106,-2.3102922,0.62858033,0.09132435,102.827446,61.41865,5.9743834
1.18E+12,2.670011,0.985888997,-6.750602476,2.847099281,-2.3270912,0.6942484,0.0290161,102.9721,62.064323,5.9216285
1.18E+12,2.674911,0.947274431,-6.93884851,2.61058502,-2.298686,0.75991637,-0.038789943,103.144615,62.688747,5.882845
1.18E+12,2.680032,0.970830648,-7.10711718,2.495989466,-2.2595906,0.82436264,-0.105068825,103.346085,63.34939,5.852683
1.18E+12,2.68496,1.010519536,-7.26146295,2.421021656,-2.201253,0.8472701,-0.16310102,103.56727,63.977154,5.839838
1.18E+12,2.689957,1.075616257,-7.390199528,2.371580423,-2.11451,0.82772243,-0.20799962,103.80676,64.63675,5.836555
1.18E+12,2.695015,1.155221041,-7.505183989,2.336200422,-2.0314324,0.754724,-0.22327125,104.04642,65.26308,5.8486185
1.18E+12,2.699966,1.226033474,-7.625953294,2.298298759,-1.9431623,0.6795876,-0.23579398,104.28447,65.88741,5.8757124
1.18E+12,2.704964,1.289179764,-7.757508281,2.256201324,-1.865277,0.6444628,-0.24037547,104.51844,66.47479,5.911291
1.18E+12,2.70995,1.318047557,-7.895471924,2.21988545,-1.8304577,0.5687156,-0.24801129,104.71872,67.065865,5.9640718
1.18E+12,2.714971,1.327566534,-8.038256531,2.186569031,-1.7635679,0.49632803,-0.269697,104.91571,67.60895,6.0264297
1.18E+12,2.719954,1.3140276,-8.149563253,2.136779904,-1.7183639,0.40378192,-0.2968805,105.09339,68.152534,6.1031685
1.18E+12,2.725444,1.283450848,-8.251485313,2.070530285,-1.6670512,0.31978795,-0.33353242,105.25978,68.65723,6.1945496
1.18E+12,2.73005,1.235621334,-8.286658052,1.981411682,-1.642922,0.2489276,-0.376293,105.41718,69.15162,6.3042655
1.18E+12,2.734977,1.169949895,-8.291348964,1.864141294,-1.6187929,0.21899518,-0.41263947,105.56798,69.61298,6.424362
1.18E+12,2.739939,1.137270482,-8.310100969,1.741300418,-1.604743,0.22266038,-0.44715336,105.6861,70.09869,6.5366354
1.18E+12,2.744936,1.132865542,-8.340936194,1.613557016,-1.609019,0.24556783,-0.45662177,105.80484,70.56435,6.650415
1.18E+12,2.749949,1.13380019,-8.401659769,1.435127211,-1.6197093,0.28527406,-0.44959682,105.939445,71.02833,6.7604733
1.18E+12,2.754942,1.143974011,-8.51357149,1.170607686,-1.613906,0.34208453,-0.42943826,106.08693,71.472755,6.863808
1.18E+12,2.759969,1.133234067,-8.667138493,1.020595615,-1.5711454,0.40133846,-0.40225476,106.236046,71.94026,6.9475956
1.18E+12,2.764982,1.100584743,-8.86303463,0.99261048,-1.5134187,0.42455134,-0.37751472,106.39199,72.38735,7.024001
1.18E+12,2.769966,1.063539048,-9.056313163,0.971656479,-1.4480561,0.40317106,-0.37232238,106.57555,72.846275,7.107127
1.18E+12,2.775001,1.020048238,-9.249605745,0.959575695,-1.3796391,0.36987892,-0.37232238,106.7626,73.2749,7.183801
1.18E+12,2.779979,0.977049777,-9.44071011,0.947631676,-1.3130548,0.32711834,-0.36102137,106.91848,73.7161,7.2298217
1.18E+12,2.785004,0.933645344,-9.633618795,0.935574886,-1.2592987,0.27672195,-0.33078352,107.050612,74.12677092,7.272144942
1.18E+12,2.789941,0.926288204,-9.774657384,0.912458704,-1.2247849,0.21502456,-0.2929099,107.18043,74.53025,7.313727
1.18E+12,2.795052,0.965023628,-9.856969814,0.873723274,-1.1939361,0.10629055,-0.23548855,107.268875,74.91053,7.34636
1.18E+12,2.799963,0.996242993,-9.906350839,0.836604772,-1.1636983,0.048258353,-0.16768251,107.344444,75.30595,7.346289
1.18E+12,2.804922,1.01958256,-9.915686861,0.799261464,-1.1261301,-0.089186326,-0.13316862,107.36898,75.68014,7.3523397
1.18E+12,2.80986,1.036011723,-9.888956538,0.737956051,-1.0925325,-0.2443461,-0.0729984,107.36396,76.06502,7.3362513
1.18E+12,2.814904,1.040790226,-9.798166035,0.632829989,-1.0442741,-0.38056904,-0.01740966,107.32809,76.42695,7.319425
1.18E+12,2.819849,1.052216807,-9.699557789,0.531652349,-0.979217,-0.50976706,0.02107485,107.24129,76.78629,7.2985353
1.18E+12,2.824904,1.077147656,-9.579889293,0.431928877,-0.9239337,-0.61819565,0.046120327,107.12505,77.12841,7.272564
1.18E+12,2.829928,1.097335401,-9.476292669,0.379074865,-0.8573494,-0.6780604,0.06169739,106.997826,77.45307,7.2480927
1.18E+12,2.835005,1.111072851,-9.393868162,0.392812325,-0.79412484,-0.7293731,0.07971791,106.84696,77.75681,7.2209845
1.18E+12,2.83992,1.135263705,-9.318579426,0.422376749,-0.7415904,-0.7473936,0.076052725,106.68222,78.05959,7.1942883
1.18E+12,2.844975,1.187282702,-9.252373098,0.493311736,-0.6814202,-0.7360926,0.08002335,106.51656,78.33817,7.1613827
1.18E+12,2.849945,1.227021835,-9.209263673,0.601833161,-0.65484756,-0.73975784,0.06566802,106.33363,78.60367,7.134519
1.18E+12,2.854982,1.231921118,-9.233760088,0.832099621,-0.625526,-0.7742717,0.04550946,106.1514,78.844025,7.109043
1.18E+12,2.859954,1.232839347,-9.266607639,1.057638011,-0.6395759,-0.838718,0.03848451,105.95103,79.07284,7.0889764
1.18E+12,2.864955,1.223577391,-9.322179812,1.279925111,-0.6774496,-0.9193522,0.02565634,105.7432,79.28618,7.0777636
1.18E+12,2.870076,1.210982245,-9.380879846,1.462001306,-0.7104363,-1.0021244,0.020463986,105.4913,79.479965,7.0573854
1.18E+12,2.875136,1.188122255,-9.444887963,1.489433294,-0.73731434,-1.0552697,0.029626964,105.231155,79.67211,7.037844
1.18E+12,2.879975,1.162445259,-9.508883316,1.483509219,-0.72601336,-1.0598512,0.03848451,104.93603,79.84274,7.007252
1.18E+12,2.884978,1.098967785,-9.601983216,1.166122103,-0.70524395,-1.0210613,0.06169739,104.644135,80.013596,6.970041
1.18E+12,2.889978,1.035528375,-9.69502729,0.848925304,-0.68294734,-0.92149025,0.07452556,104.363434,80.18147,6.92229
1.18E+12,2.894973,0.950643683,-9.738172796,0.654523043,-0.63163465,-0.80756384,0.092240654,104.10354,80.337494,6.865458
1.18E+12,2.899919,0.862211856,-9.770753119,0.486967979,-0.58184916,-0.7449502,0.10323623,103.86325,80.48383,6.806411
1.18E+12,2.904985,0.775325229,-9.781469218,0.389774436,-0.5644395,-0.5919284,0.1142318,103.69666,80.670525,6.7401805
1.18E+12,2.910583,0.680429742,-9.786463819,0.304867926,-0.52412236,-0.45356745,0.12675454,103.548965,80.8382,6.6706915
1.18E+12,2.914953,0.674471114,-9.758634999,0.243251835,-0.48533243,-0.3371976,0.124311075,103.43666,81.031395,6.5868587
1.18E+12,2.920048,0.696157246,-9.712852964,0.173374252,-0.4642576,-0.24007004,0.118202426,103.36281,81.21494,6.4999194
1.18E+12,2.924975,0.717128309,-9.668580524,0.105800777,-0.44929138,-0.18173242,0.11301007,103.30646,81.40312,6.407852
1.18E+12,2.929999,0.73851224,-9.623436473,0.036896954,-0.4288274,-0.15882497,0.10781772,103.27157,81.578545,6.3191977
1.18E+12,2.934991,0.813700072,-9.59644043,0.012609041,-0.40042216,-0.15454891,0.1151481,103.25096,81.7453,6.2307568
1.18E+12,2.940005,0.925193333,-9.58123703,0.017676916,-0.3662137,-0.16737708,0.12339478,103.2349,81.90077,6.146626
1.18E+12,2.945099,1.047479885,-9.583000172,0.028443184,-0.3417791,-0.20555615,0.108123146,103.19954,82.065605,6.0793114
1.18E+12,2.949955,1.167508744,-9.591278191,0.040859961,-0.3203988,-0.23854288,0.11056661,103.164444,82.2245,6.0074406
1.18E+12,2.954986,1.293828097,-9.576487523,0.045449865,-0.3323107,-0.269697,0.103847094,103.12614,82.36583,5.9577684
1.18E+12,2.960006,1.422229318,-9.5336868,0.040099814,-0.33964106,-0.2837469,0.089491755,103.08622,82.49613,5.911727
1.18E+12,2.964939,1.489919526,-9.448425131,0.041390736,-0.35338554,-0.26908615,0.06963864,103.031105,82.62308,5.881679
1.18E+12,2.970034,1.528579661,-9.337277229,0.046223243,-0.38423425,-0.25473082,0.043676864,102.975494,82.74379,5.858727
1.18E+12,2.974975,1.587214825,-9.259776811,0.105325918,-0.40683624,-0.24312437,0.032070424,102.918076,82.85962,5.845128
1.18E+12,2.980688,1.668430449,-9.189390163,0.208199113,-0.40622538,-0.25625798,0.006719518,102.86162,82.96131,5.843245
1.18E+12,2.985025,1.667975891,-9.159962601,0.226919677,-0.3924809,-0.27458394,0.006719518,102.8335625,83.00638088,5.843336987
1.18E+12,2.989995,1.640165912,-9.136787659,0.222284684,-0.38423425,-0.27947086,-0.006108652,102.80141,83.05803,5.8434424
1.18E+12,2.995005,1.603979767,-9.124021682,0.174787059,-0.37293324,-0.27030787,-0.014660766,102.75002,83.14546,5.848975
1.18E+12,2.999948,1.562161686,-9.119375126,0.095797206,-0.38087448,-0.25992316,-0.016187929,102.68129,83.211136,5.868096
1.18E+12,3.004977,1.560442299,-9.124550545,0.017831376,-0.38881573,-0.22204952,-0.009468411,102.610886,83.27805,5.882487
1.18E+12,3.009971,1.595716076,-9.138660105,-0.057419401,-0.4007276,-0.160963,-0.002443461,102.55264,83.34153,5.895889
1.18E+12,3.014936,1.63078502,-9.152687732,-0.132233199,-0.41141775,-0.090713486,-0.001221731,102.51488,83.411446,5.903098
1.18E+12,3.020065,1.667012334,-9.167178708,-0.209518188,-0.41508293,-0.061086524,-0.004581489,102.48534,83.47731,5.9090505
1.18E+12,3.024963,1.705054672,-9.211483693,-0.251167711,-0.42058071,-0.074830994,-0.005497787,102.4655,83.54051,5.9134216
1.18E+12,3.03,1.748253187,-9.293081089,-0.255967546,-0.4269948,-0.12034045,-0.011301007,102.44703,83.59709,5.9200444
1.18E+12,3.034976,1.794385016,-9.382738675,-0.2544509,-0.4175264,-0.17745635,-0.024740042,102.419495,83.644684,5.945559
1.18E+12,3.040001,1.845231056,-9.484430852,-0.245206179,-0.39920044,-0.23304509,-0.026572637,102.38147,83.686966,5.969071
1.18E+12,3.044906,1.89199517,-9.572978755,-0.241080295,-0.38606682,-0.27916542,-0.04184427,102.334526,83.71153,6.0043626
1.18E+12,3.050477,1.939288752,-9.651801299,-0.246335126,-0.36193767,-0.310625,-0.05009095,102.27808,83.72935,6.037349
1.18E+12,3.054911,1.960110184,-9.701134516,-0.255267406,-0.35216382,-0.32834008,-0.06169739,102.199,83.7322,6.0823603
1.18E+12,3.060012,1.950189133,-9.730897255,-0.275109524,-0.32345316,-0.35094208,-0.0580322,102.11166,83.72937,6.123908
1.18E+12,3.064922,1.937895201,-9.74763998,-0.322934666,-0.3118467,-0.37873647,-0.049480084,102.01879,83.7199,6.167848
1.18E+12,3.070077,1.919898881,-9.743141276,-0.42641357,-0.3042109,-0.39187005,-0.04428773,101.92581,83.7057,6.2099023
1.18E+12,3.074982,1.900086577,-9.742461982,-0.514082763,-0.29077184,-0.39553526,-0.039095376,101.82897,83.689,6.249727
1.18E+12,3.080036,1.866678449,-9.759165871,-0.552263464,-0.2773328,-0.37690386,-0.022907447,101.73714,83.67402,6.28319
1.18E+12,3.084997,1.833885072,-9.775562389,-0.589741592,-0.27000242,-0.34513888,-0.004886922,101.6519,83.66736,6.3064585
1.18E+12,3.089984,1.800919829,-9.792044838,-0.627416139,-0.26389378,-0.3005457,0.005497787,101.57822,83.65967,6.32605
1.18E+12,3.094951,1.774002748,-9.807567437,-0.66446937,-0.27091873,-0.2843578,0.015271631,101.50778,83.65415,6.339744
1.18E+12,3.1,1.795134365,-9.816020242,-0.698279885,-0.2678644,-0.23671028,0.027488936,101.45569,83.64926,6.3492193
1.18E+12,3.104916,1.815709335,-9.824250385,-0.731199769,-0.258396,-0.1957823,0.02687807,101.408035,96.35148,6.351469
1.18E+12,3.110009,1.867410371,-9.841742927,-0.677642788,-0.2574797,-0.15393804,0.026267206,101.37652,96.35201,6.350085
1.18E+12,3.114922,1.923814998,-9.860544354,-0.607137037,-0.25809056,-0.12736541,0.030543262,101.354294,96.35428,6.347417
1.18E+12,3.120272,1.979597944,-9.853864886,-0.522039186,-0.25045475,-0.10598512,0.0290161,101.34837,96.36488,6.350122
1.18E+12,3.124907,2.026895237,-9.843115511,-0.446793502,-0.23273966,-0.09132435,0.025045475,101.34967,96.3773,6.3522773
1.18E+12,3.13003,2.079172268,-9.831234379,-0.363625511,-0.22174409,-0.10323623,0.015271631,101.33845,96.40312,6.366371
1.18E+12,3.134968,2.129561488,-9.819782295,-0.283460854,-0.2134974,-0.122783914,0.008552114,101.33034,96.430046,6.380302
1.18E+12,3.140002,2.232439714,-9.792740556,-0.308901603,-0.21197024,-0.13897185,-0.004581489,101.31828,96.46366,6.3994117
1.18E+12,3.144979,2.35645233,-9.759352371,-0.38044734,-0.20341812,-0.14110987,-0.012522738,101.30569,96.49778,6.41834
1.18E+12,3.149983,2.339046948,-9.742294868,-0.405673054,-0.18784106,-0.14263703,-0.016493361,101.27465,96.5448,6.453892
1.18E+12,3.155019,2.259436792,-9.732343924,-0.410648682,-0.17684549,-0.14905111,-0.022296581,101.24236,96.593575,6.4910703
1.18E+12,3.160014,2.180911965,-9.696668908,-0.478536919,-0.160963,-0.16890424,-0.043066,101.21683,96.66554,6.549876
1.18E+12,3.16497,2.103132635,-9.653458219,-0.564958369,-0.14844026,-0.17623462,-0.049785517,101.19377,96.73349,6.6047935
1.18E+12,3.170085,2.071562803,-9.62832267,-0.668736139,-0.14110987,-0.16493362,-0.04917465,101.16285,96.78878,6.646428
1.18E+12,3.175014,2.076590929,-9.618266208,-0.779354975,-0.13561209,-0.14477506,-0.037873644,101.13325,96.84118,6.6856184
1.18E+12,3.180036,2.022988613,-9.608622628,-0.758850153,-0.129198,-0.1282817,-0.024740042,101.1096,96.88506,6.7126007
1.18E+12,3.184988,1.944402656,-9.599377511,-0.680264167,-0.13194689,-0.12217305,-0.028099801,101.08966,96.93003,6.740242
1.18E+12,3.189981,1.932188408,-9.570720254,-0.654027401,-0.13744467,-0.15088372,-0.021991149,101.07288,96.97609,6.7639627
1.18E+12,3.194969,1.958724328,-9.530916005,-0.658450055,-0.13316862,-0.22540927,0.014355334,101.04578,97.013855,6.7787523
1.18E+12,3.199944,1.868921899,-9.5484296,-0.520655104,-0.04734206,-0.39400807,0.03390302,100.972534,97.035385,6.785016
1.18E+12,3.204983,1.643737546,-9.632219174,-0.216918062,-0.019547688,-0.1957823,0.01038471,100.98489,97.062546,6.795792
1.18E+12,3.209972,1.605744204,-9.621255034,-0.027822058,-0.06688975,-0.04520403,-0.000610865,100.938545,97.085045,6.800162
1.18E+12,3.214979,1.677107044,-9.554649863,0.095873535,-0.13713925,-0.20219639,0.015882496,100.86161,97.10591,6.8019414
1.18E+12,3.219998,1.67283802,-9.583908162,0.106030606,-0.1386664,-0.3830125,0.054061573,100.78318,97.07468,6.766796
1.18E+12,3.224972,1.621512177,-9.672561709,0.045372807,-0.11209377,-0.344528,0.04917465,100.7238,97.05474,6.740785
1.18E+12,3.229973,1.572895446,-9.687093952,0.053514232,-0.14049901,-0.14874569,0.049480084,100.648735,97.03546,6.716719
1.18E+12,3.235825,1.518642308,-9.638266291,0.124043287,-0.19211712,-0.20158553,0.06688975,100.51487,97.012856,6.6875734
1.18E+12,3.239973,1.50597557,-9.65369474,0.102563582,-0.1459968,-0.2968805,0.105068825,100.43,96.97406,6.646518
1.18E+12,3.244979,1.510774995,-9.711288046,0.020973292,-0.09407325,-0.3915646,0.11881329,100.331345,96.94178,6.607978
1.18E+12,3.249961,1.480389736,-9.725579106,-0.210949633,-0.080634214,-0.43554693,0.116980694,100.21486,96.894,6.5573807
1.18E+12,3.254989,1.415054341,-9.697578146,-0.593628358,-0.1133155,-0.43157628,0.12583824,100.08696,96.84036,6.5010147
1.18E+12,3.259949,1.366864041,-9.694348122,-0.965033593,-0.15271631,-0.37415496,0.118507855,99.966415,96.79947,6.453745
1.18E+12,3.264953,1.338996883,-9.722215426,-1.331952082,-0.18570304,-0.27458394,0.10842858,99.86138,96.76036,6.4068003
1.18E+12,3.270017,1.328939249,-9.770807242,-1.603223668,-0.20219639,-0.17104226,0.08979719,99.810616,96.7465,6.361468
1.18E+12,3.275005,1.347810983,-9.851011819,-1.711736241,-0.1994475,-0.07727446,0.082161374,99.78793,96.735725,6.318622
1.18E+12,3.279907,1.393796449,-9.931466445,-1.723189194,-0.19792034,0.009162978,0.07086037,99.83057,96.75838,6.2850127
1.18E+12,3.284983,1.494690804,-10.01794733,-1.550227379,-0.18325958,0.01740966,0.046731193,99.87882,96.78819,6.2591124
1.18E+12,3.289912,1.592507672,-10.07330111,-1.324063219,-0.1881465,-0.024129177,0.027488936,99.942154,96.8358,6.2391353
1.18E+12,3.294972,1.692589426,-10.06853546,-0.966628313,-0.19730948,-0.07269296,0.002748894,100.00614,96.89285,6.228694
1.18E+12,3.299932,1.734861698,-10.05591207,-0.699636604,-0.17440203,-0.19333886,-0.008246681,100.022964,96.94431,6.2269115
1.18E+12,3.305686,1.626194374,-10.01880623,-0.625424763,-0.16340645,-0.28619036,-0.042455133,100.03393,97.01101,6.2385044
1.18E+12,3.309965,1.545383202,-9.991212227,-0.570236639,-0.13316862,-0.2828306,-0.056505036,100.0051,97.05018,6.256255
1.18E+12,3.314993,1.45042677,-9.958788144,-0.505388336,-0.13622294,-0.20891592,-0.070554934,99.97069,97.09954,6.2826257
1.18E+12,3.319994,1.357461954,-9.923335027,-0.459727089,-0.12492194,-0.08979719,-0.069027774,99.95155,97.14112,6.3084774
1.18E+12,3.324979,1.273648097,-9.868855785,-0.526778187,-0.106901415,0.03268129,-0.0580322,99.95551,97.18185,6.335933
1.18E+12,3.32998,1.189565229,-9.814201686,-0.594044495,-0.10140363,0.13194689,-0.048563786,99.95012,97.19111,6.3368697
1.18E+12,3.335045,1.157421521,-9.777914226,-0.591023381,-0.08674286,0.204029,-0.03023783,99.97265,97.191574,6.3337727
1.18E+12,3.339977,1.134277226,-9.745512571,-0.577136814,-0.06688975,0.2443461,-0.013439035,100.01437,97.188736,6.3296614
1.18E+12,3.345007,1.149909328,-9.74322127,-0.475377785,-0.06414085,0.27550024,-0.006719518,100.07922,97.18217,6.3149
1.18E+12,3.349931,1.173559457,-9.747521155,-0.357127167,-0.058337633,0.28924468,0.001221731,100.15,97.16897,6.29623
1.18E+12,3.354968,1.197752329,-9.751919717,-0.236162838,-0.06169739,0.27305678,-0.002748894,100.20708,97.15448,6.2722607
1.18E+12,3.359995,1.221897171,-9.756309547,-0.11543866,-0.058337633,0.23762658,0.000916298,100.26197,97.13571,6.2449455
1.18E+12,3.36499,1.23098039,-9.749910626,-0.01689004,-0.039095376,0.19822577,-0.005192355,100.310074,97.11986,6.222336
1.18E+12,3.370061,1.220690327,-9.729330607,0.055140451,-0.0290161,0.15882497,-0.000916298,100.34764,97.10243,6.196207
1.18E+12,3.375552,1.22259237,-9.698276322,0.102035949,-0.01282817,0.11636983,-0.009468411,100.34801,97.06809,6.1791153
1.18E+12,3.380005,1.231131716,-9.668388435,0.12338433,-0.002748894,0.069027774,-0.002138028,100.33551,97.02934,6.1561937
1.18E+12,3.384968,1.245930068,-9.648160181,0.091987398,-0.010079277,0.03756821,0.000610865,100.30068,96.99282,6.138766
1.18E+12,3.38998,1.265226116,-9.638512459,0.014803145,-0.014355334,0.004276057,0.003970624,100.25191,96.95355,6.118822
1.18E+12,3.394971,1.23623499,-9.609281144,-0.069127361,-0.015577064,-0.014660766,0.011911872,100.19693,96.91343,6.0985003
1.18E+12,3.399953,1.169211693,-9.564598977,-0.158491758,-0.016798794,-0.03848451,0.015577064,100.131386,96.875015,6.07839
1.18E+12,3.404972,1.106876768,-9.532176302,-0.227552605,-0.02321288,-0.067500606,0.023518313,100.062836,96.84898,6.062275
1.18E+12,3.409974,1.051884575,-9.517178132,-0.267546915,-0.032070424,-0.094989546,0.03940081,99.98882,96.820915,6.042929
1.18E+12,3.414959,0.992091724,-9.521421345,-0.294295612,-0.025961773,-0.12339478,0.05375614,99.91291,96.79151,6.0134816
1.18E+12,3.420027,0.926319455,-9.544911434,-0.308389675,-0.030848695,-0.14446963,0.06047566,99.83262,96.76319,5.982344
1.18E+12,3.424955,0.888614482,-9.569824432,-0.299806092,-0.041233405,-0.16249016,0.067500606,99.74785,96.729385,5.9412155
1.18E+12,3.429969,0.883946613,-9.597831572,-0.262463349,-0.040011674,-0.16249016,0.070554934,99.66375,96.694756,5.9005876
1.18E+12,3.434942,0.872307045,-9.622121287,-0.204383535,-0.040927973,-0.13652839,0.06963864,99.57432,96.65707,5.8514786
1.18E+12,3.43998,0.848821883,-9.640909319,-0.110442811,-0.055588737,-0.103847094,0.07544186,99.4888,96.619644,5.8013563
1.18E+12,3.445128,0.834794368,-9.664706244,-0.03176234,-0.05100725,-0.086437434,0.06627888,99.40612,96.57713,5.7534623
1.18E+12,3.449952,0.839131847,-9.695068774,0.011612473,-0.056199603,-0.07788532,0.064446285,99.33187,96.535866,5.703942
1.18E+12,3.454974,0.846537705,-9.722348392,0.050718063,-0.05131268,-0.062308256,0.055283304,99.25274,96.48662,5.6571827
1.18E+12,3.459988,0.865714253,-9.731936866,0.065100485,-0.046731193,-0.055283304,0.04917465,99.17482,96.43902,5.6116986
1.18E+12,3.464952,0.887416995,-9.738705725,0.069356403,-0.03573562,-0.062002823,0.035430185,99.093155,96.39053,5.5721025
1.18E+12,3.469994,0.921123001,-9.733890485,0.030835255,-0.051923547,-0.057421334,0.029321533,99.01778,96.34599,5.5337315
1.18E+12,3.474994,0.950742584,-9.723878928,-0.00615704,-0.046120327,-0.06536258,0.01160644,98.93969,96.3074,5.509972
1.18E+12,3.479973,0.964371482,-9.692078032,-0.03795777,-0.060170226,-0.07941248,0.000305433,98.8621,96.27457,5.4869623
1.18E+12,3.485017,0.977064812,-9.660231874,-0.068190209,-0.058643065,-0.087659165,-0.000610865,98.789345,96.24812,5.4705987
1.18E+12,3.489981,0.979395281,-9.632266393,-0.079842561,-0.06811147,-0.0888809,-0.007635816,98.715355,96.229774,5.459499
1.18E+12,3.495177,0.981834668,-9.602993903,-0.092039503,-0.06780604,-0.099265605,-0.006414085,98.641335,96.21332,5.44865
1.18E+12,3.499953,0.984076875,-9.57608755,-0.103250549,-0.08155051,-0.100792766,-0.008857546,98.570404,96.20279,5.4412036
